,name,image,acreage,price,region,tags,scrape_date
0,Rangyai Island,https://www.privateislandsonline.com/uploads/resize/_597_image_fe02c338d8.jpg-1074-822.jpg,110,160000000.0,"Thailand, Asia","Islands with Beaches,Large Acreage,Ocean Island,Income Potential",2022-10-16
3,Pumpkin Key,https://www.privateislandsonline.com/uploads/resize/_1682_60f97f2079fda.jpg-1074-822.jpg,26,95000000.0,"Florida, United States","Large Acreage,Ocean Island,Turn Key,Income Potential",2022-10-16
7,Bird Cay and Cat Cay,https://www.privateislandsonline.com/uploads/resize/_2974_61f1701462992.JPG-1074-822.JPG,267,50000000.0,"The Berry Islands, Bahamas, Caribbean","Islands with Beaches,Large Acreage,Ocean Island",2022-10-16
8,Royal Island,https://www.privateislandsonline.com/uploads/resize/_2885_60427f473db9a.jpg-1074-822.jpg,430,50000000.0,"Eleuthera, Bahamas, Caribbean","Islands with Beaches,Large Acreage,Ocean Island,Turn Key,Income Potential",2022-10-16
23,Darby Island,https://www.privateislandsonline.com/uploads/resize/_1424_image_821fa25a3f.jpg-1074-822.jpg,554,46000000.0,"The Exumas, Bahamas, Caribbean","Islands with Beaches,Airstrip or Fly-in,Large Acreage,Ocean Island,Turn Key,Historic,Income Potential",2022-10-16
25,Motu Tane,https://www.privateislandsonline.com/uploads/resize/_2741_5e344d0a34ca2.jpg-1074-822.jpg,10,39000000.0,"French Polynesia, South Pacific","Islands with Beaches,Ocean Island,Turn Key,Income Potential",2022-10-16
31,Hummingbird Cay,https://www.privateislandsonline.com/uploads/resize/_2970_61d33c346feae.jpg-1074-822.jpg,175,35000000.0,"The Exumas, Bahamas, Caribbean","Islands with Beaches,Large Acreage,Ocean Island,Turn Key,Income Potential",2022-10-16
37,Frozen Cay and Alder Cay,https://www.privateislandsonline.com/uploads/resize/_2019_image_56c9e2bc39.jpg-1074-822.jpg,84,29000000.0,"The Berry Islands, Bahamas, Caribbean","Islands with Beaches,Large Acreage,Ocean Island,Turn Key,Income Potential",2022-10-16
42,Lera Cay,https://www.privateislandsonline.com/uploads/resize/_2082_image_41c90f0ece.jpg-1074-822.jpg,80,24000000.0,"Eleuthera, Bahamas, Caribbean","Islands with Beaches,Ocean Island,Income Potential",2022-10-16
43,Gun Point,https://www.privateislandsonline.com/uploads/resize/_2998_625729dece905.jpg-1074-822.jpg,80,23500000.0,"Eleuthera, Bahamas, Caribbean","Islands with Beaches,Large Acreage,Ocean Island,Turn Key,Income Potential,Mainland Power",2022-10-16
45,Leaf Cay,https://www.privateislandsonline.com/uploads/resize/_911_61b10ad3090cf.JPG-1074-822.JPG,15,22900000.0,"The Exumas, Bahamas, Caribbean","Islands with Beaches,Airstrip or Fly-in,Income Producing,Ocean Island,Turn Key,Income Potential",2022-10-16
46,The Point,https://www.privateislandsonline.com/uploads/resize/_3076_62eaa12156100.jpg-1074-822.jpg,116,22500000.0,"Costa Rica, Central America","Islands with Beaches,Large Acreage,Ocean Island",2022-10-16
47,"Lime Tree Bay, Moskito Island",https://www.privateislandsonline.com/uploads/resize/_2767_5ec5761804e09.jpg-1074-822.jpg,93,22500000.0,"British Virgin Islands, Caribbean","Islands with Beaches,Ocean Island",2022-10-16
49,Captiva Key,https://www.privateislandsonline.com/uploads/resize/_2253_59442f1c1229f.jpg-1074-822.jpg,13,22000000.0,"Florida, United States",,2022-10-16
50,The Plantation,https://www.privateislandsonline.com/uploads/resize/_2456_5b76d19f222b4.jpg-1074-822.jpg,495,21000000.0,"Belize, Central America","Islands with Beaches,Large Acreage,Ocean Island",2022-10-16
55,Ile de Caille,https://www.privateislandsonline.com/uploads/resize/_905_image_3f4610a7c3.jpg-1074-822.jpg,400,20000000.0,"Grenada, Caribbean","Islands with Beaches,Large Acreage,Ocean Island,Income Potential",2022-10-16
58,Jwycesska Island,https://www.privateislandsonline.com/uploads/resize/_2700_5dbb1ec6dde92.jpg-1074-822.jpg,351,19000000.0,"The Abacos, Bahamas, Caribbean","Islands with Beaches,Large Acreage,Ocean Island",2022-10-16
59,"Pumpkin Island, Australia",https://www.privateislandsonline.com/uploads/resize/_2855_5fbd7098409e1.jpg-1074-822.jpg,15,18500000.0,"Australia, South Pacific","Islands with Beaches,Ocean Island,Turn Key,Income Potential",2022-10-16
60,Clove Cay,https://www.privateislandsonline.com/uploads/resize/_2957_6169caac2212a.JPG-1074-822.JPG,144,18000000.0,"The Exumas, Bahamas, Caribbean","Islands with Beaches,Large Acreage,Ocean Island",2022-10-16
61,Hoffmans Cay,https://www.privateislandsonline.com/uploads/resize/_2939_611ac9118e512.jpg-1074-822.jpg,214,18000000.0,"The Berry Islands, Bahamas, Caribbean","Islands with Beaches,Large Acreage,Ocean Island",2022-10-16
64,800-acre Golfito Bay Property,https://www.privateislandsonline.com/uploads/resize/_2921_60dcdb40502c8.jpg-1074-822.jpg,800,17500000.0,"Costa Rica, Central America","Islands with Beaches,Large Acreage,Ocean Island",2022-10-16
65,Frozen Cay,https://www.privateislandsonline.com/uploads/resize/_2099_5866994664d7a.jpg-1074-822.jpg,40,17000000.0,"The Berry Islands, Bahamas, Caribbean","Islands with Beaches,Ocean Island,Turn Key,Income Potential",2022-10-16
67,St. Thomas,https://www.privateislandsonline.com/uploads/resize/_659_image_362a63057c.jpg-1074-822.jpg,300,15000000.0,"Greece, Europe","Large Acreage,Ocean Island",2022-10-16
69,World Island Project (D98),https://www.privateislandsonline.com/uploads/resize/_1684_image_2401874ad6.jpg-1074-822.jpg,12,16000000.0,"United Arab Emirates, Asia","Islands with Beaches,Ocean Island,Income Potential,Mainland Power",2022-10-16
70,Little Hawkins Island,https://www.privateislandsonline.com/uploads/resize/_1322_image_dda2ed0f5a.jpg-1074-822.jpg,4,15900000.0,"Georgia, United States","River Island,Turn Key,Historic,Income Potential,Mainland Power",2022-10-16
72,Sao Luis Island Pair,https://www.privateislandsonline.com/uploads/resize/_2979_6217a872e9f4f.jpg-1074-822.jpg,17,15000000.0,"Brazil, South America","Islands with Beaches,Ocean Island,Income Potential",2022-10-16
73,Loloma Beachfront Development,https://www.privateislandsonline.com/uploads/resize/_2832_5f763f0a969c3.jpg-1074-822.jpg,1528,15000000.0,"Fiji, South Pacific","Islands with Beaches,Large Acreage,Ocean Island",2022-10-16
76,Alder Cay,https://www.privateislandsonline.com/uploads/resize/_2100_58669af98def3.jpg-1074-822.jpg,43,15000000.0,"The Berry Islands, Bahamas, Caribbean","Islands with Beaches,Ocean Island,Turn Key,Income Potential",2022-10-16
77,Cebaco Island,https://www.privateislandsonline.com/uploads/resize/_1205_5bb79f765658e.jpg-1074-822.jpg,7410,15000000.0,"Panama, Central America","Islands with Beaches,Large Acreage,Ocean Island,Turn Key,Income Potential,Mainland Lot",2022-10-16
79,Deer Caye,https://www.privateislandsonline.com/uploads/resize/_2804_5eed20d83d6cb.jpg-1074-822.jpg,603,14995000.0,"Belize, Central America","Islands with Beaches,Large Acreage,Ocean Island",2022-10-16
90,Ilha da Sororoca,https://www.privateislandsonline.com/uploads/resize/_3080_62f3cff02c6a5.jpg-1074-822.jpg,30,12500000.0,"Brazil, South America",Ocean Island,2022-10-16
91,1500 Hectares Island Property,https://www.privateislandsonline.com/uploads/resize/_2827_5f6a54bec2923.jpg-1074-822.jpg,3707,12500000.0,"Panama, Central America","Islands with Beaches,Large Acreage,Ocean Island",2022-10-16
93,The Bay,https://www.privateislandsonline.com/uploads/resize/_2925_60e739c33296e.jpg-1074-822.jpg,148,12000000.0,"Costa Rica, Central America","Islands with Beaches,Large Acreage,Ocean Island",2022-10-16
94,Nananu-I-Cake,https://www.privateislandsonline.com/uploads/resize/_1403_58a230450d24a.jpg-1074-822.jpg,600,12000000.0,"Fiji, South Pacific",,2022-10-16
95,An Island Within An Island,https://www.privateislandsonline.com/uploads/resize/_2718_5ee7bc4cdf086.JPG-1074-822.JPG,14,12000000.0,"Bahamas, Caribbean","Large Acreage,Ocean Island",2022-10-16
96,Water Caye,https://www.privateislandsonline.com/uploads/resize/_684_image_020821d040.jpg-1074-822.jpg,567,12000000.0,"Belize, Central America","Large Acreage,Ocean Island",2022-10-16
97,"Green Island, Georgia",https://www.privateislandsonline.com/uploads/resize/_2838_5fb3f2b973e85.jpg-1074-822.jpg,450,11500000.0,"Georgia, United States","Large Acreage,Ocean Island,Historic,Income Potential",2022-10-16
100,Spalathronisi Island,https://www.privateislandsonline.com/uploads/resize/_2457_5be5b0995e66f.jpg-1074-822.jpg,26,10000000.0,"Greece, Europe","Islands with Beaches,Large Acreage,Ocean Island",2022-10-16
101,Isla Puerco,https://www.privateislandsonline.com/uploads/resize/_826_587657310b840.jpg-1074-822.jpg,160,11000000.0,"Panama, Central America","Islands with Beaches,Large Acreage,Ocean Island",2022-10-16
103,Punta Loros,https://www.privateislandsonline.com/uploads/resize/_2924_60e73a4e3f9f0.jpg-1074-822.jpg,460,10900000.0,"Costa Rica, Central America","Islands with Beaches,Large Acreage,Ocean Island",2022-10-16
105,Toad Hall Estate,https://www.privateislandsonline.com/uploads/resize/_1819_image_7c8cf5f011.jpg-1074-822.jpg,6,10000000.0,"British Virgin Islands, Caribbean","Income Producing,Turn Key",2022-10-16
114,"Coconut Palm Bay, The Ultimate Private Island Style Retreat",https://www.privateislandsonline.com/uploads/resize/_3074_62deddcb23009.jpg-1074-822.jpg,14,9995000.0,"The Abacos, Bahamas, Caribbean","Islands with Beaches,Ocean Island,Turn Key,Income Potential",2022-10-16
115,Great Sale Cay,https://www.privateislandsonline.com/uploads/resize/_898_image_a91e5e6cfc.jpg-1074-822.jpg,370,9900000.0,"The Abacos, Bahamas, Caribbean","Islands with Beaches,Large Acreage,Ocean Island,Income Potential",2022-10-16
116,Devils Cay,https://www.privateislandsonline.com/uploads/resize/_902_image_c458691ab3.jpg-1074-822.jpg,117,9500000.0,"The Berry Islands, Bahamas, Caribbean","Islands with Beaches,Large Acreage,Ocean Island,Income Potential",2022-10-16
119,Sandy Island,https://www.privateislandsonline.com/uploads/resize/_1787_image_d0610bf540.jpg-1074-822.jpg,20,9000000.0,"Grenada, Caribbean",,2022-10-16
121,Lumber Cay,https://www.privateislandsonline.com/uploads/resize/_2740_5ec585b5de987.jpg-1074-822.jpg,30,8600000.0,"The Exumas, Bahamas, Caribbean","Islands with Beaches,Large Acreage,Ocean Island",2022-10-16
128,Katitche Point Greathouse,https://www.privateislandsonline.com/uploads/resize/_2002_5867c22ac0204.jpg-1074-822.jpg,1,7950000.0,"British Virgin Islands, Caribbean","Income Producing,Turn Key",2022-10-16
129,Wroten Island,https://www.privateislandsonline.com/uploads/resize/_3046_62a379e962293.jpg-1074-822.jpg,574,7900000.0,"Maryland, United States","Islands with Beaches,Airstrip or Fly-in,Large Acreage,River Island,Turn Key,Income Potential",2022-10-16
130,Powell Cay,https://www.privateislandsonline.com/uploads/resize/_1614_image_d1e3cfaa39.jpg-1074-822.jpg,294,7895000.0,"The Abacos, Bahamas, Caribbean","Islands with Beaches,Large Acreage,Ocean Island,Income Potential",2022-10-16
131,Woodmere Island,https://www.privateislandsonline.com/uploads/resize/_1459_image_8148017b4f.jpg-1074-822.jpg,5,7895000.0,"Muskoka, Ontario, Canada","Lake Island,Seasonal,Turn Key,Income Potential,Mainland Power",2022-10-16
133,Cooper Bay Land,https://www.privateislandsonline.com/uploads/resize/_3097_633f282851605.jpg-1074-822.jpg,64,7500000.0,"British Virgin Islands, Caribbean","Islands with Beaches,Large Acreage,Ocean Island",2022-10-16
134,Petit Trou Peninsula,https://www.privateislandsonline.com/uploads/resize/_1174_5fb40030a79c3.jpg-1074-822.jpg,50,7500000.0,"Grenada, Caribbean","Islands with Beaches,Large Acreage,Ocean Island",2022-10-16
135,"Leaf Cay, 30 acres",https://www.privateislandsonline.com/uploads/resize/_921_610411975e981.jpg-1074-822.jpg,30,7500000.0,"The Exumas, Bahamas, Caribbean","Islands with Beaches,Ocean Island,Income Potential",2022-10-16
136,Parida Island,https://www.privateislandsonline.com/uploads/resize/_2297_59aeea773d8d5.PNG-1074-822.PNG,217,7500000.0,"Panama, Central America","Islands with Beaches,Airstrip or Fly-in,Large Acreage,Ocean Island,Turn Key,Income Potential",2022-10-16
137,Sand Dollar Cay,https://www.privateislandsonline.com/uploads/resize/_908_image_e069a07d0c.jpg-1074-822.jpg,24,7200000.0,"The Berry Islands, Bahamas, Caribbean","Islands with Beaches,Ocean Island,Income Potential",2022-10-16
138,Sawyer's Cay,https://www.privateislandsonline.com/uploads/resize/_930_image_759eaf43be.jpg-1074-822.jpg,6,7050000.0,"Eleuthera, Bahamas, Caribbean","Islands with Beaches,Ocean Island,Income Potential",2022-10-16
146,40-acre Beachfront Property on Ambergris Caye,https://www.privateislandsonline.com/uploads/resize/_2650_5d4c7c1b1a5ab.JPG-1074-822.JPG,40,6999500.0,"Belize, Central America","Islands with Beaches,Large Acreage,Ocean Island,Mainland Power",2022-10-16
148,Batchawana Island,https://www.privateislandsonline.com/uploads/resize/_2413_60b8f251100c5.jpg-1074-822.jpg,5200,6850000.0,"Ontario, Canada","Large Acreage,Lake Island",2022-10-16
149,Belle Island & Cubbage Island,https://www.privateislandsonline.com/uploads/resize/_2205_59cd564e7e351.jpg-1074-822.jpg,264,6800000.0,"Georgia, United States","Large Acreage,River Island,Historic",2022-10-16
150,Tigertail Island,https://www.privateislandsonline.com/uploads/resize/_2971_61d8623d62e9d.jpg-1074-822.jpg,15,6750000.0,"Florida, United States","River Island,Turn Key,Income Potential",2022-10-16
151,Rose Cay,https://www.privateislandsonline.com/uploads/resize/_3033_62950cc466218.jpg-1074-822.jpg,67,6700000.0,"Honduras, Central America","Islands with Beaches,Large Acreage,Ocean Island",2022-10-16
153,Nail Bay Land,https://www.privateislandsonline.com/uploads/resize/_1818_5867c5876a2df.jpg-1074-822.jpg,60,6200000.0,"British Virgin Islands, Caribbean","Large Acreage,Ocean Island,Income Potential",2022-10-16
155,Medio Island,https://www.privateislandsonline.com/uploads/resize/placeholder2-1074-822.jpeg,99,6000000.0,"Philippines, Asia","Islands with Beaches,Large Acreage,Ocean Island",2022-10-16
161,Loblolly,https://www.privateislandsonline.com/uploads/resize/_3015_62827a6671034.jpg-1074-822.jpg,7,6000000.0,"British Virgin Islands, Caribbean","Islands with Beaches,Ocean Island,Turn Key,Income Potential",2022-10-16
162,Kelefesia Island,https://www.privateislandsonline.com/uploads/resize/_460_image_3dd7a9c138.jpg-1074-822.jpg,32,6000000.0,"Tonga, South Pacific","Islands with Beaches,Large Acreage,Ocean Island",2022-10-16
166,23 acres on Gabriola Island,https://www.privateislandsonline.com/uploads/resize/_3029_627bb925291ff.jpg-1074-822.jpg,23,7700000.0,"British Columbia, Canada","Large Acreage,Ocean Island,Turn Key,Income Potential",2022-10-16
167,Janoyoy Island,https://www.privateislandsonline.com/uploads/resize/_2423_5b186d280d457.jpg-1074-822.jpg,4,5600000.0,"Philippines, Asia","Islands with Beaches,Ocean Island",2022-10-16
171,Roberts Cay,https://www.privateislandsonline.com/uploads/resize/_917_image_ce1186328a.jpg-1074-822.jpg,20,5250000.0,"The Exumas, Bahamas, Caribbean","Islands with Beaches,Ocean Island,Income Potential",2022-10-16
172,Celestial House,https://www.privateislandsonline.com/uploads/resize/_2765_5e8f7ce24a860.jpg-1074-822.jpg,3,5250000.0,"British Virgin Islands, Caribbean","Islands with Beaches,Ocean Island,Turn Key,Income Potential",2022-10-16
173,Cooper Bay Villas,https://www.privateislandsonline.com/uploads/resize/_2839_5f8753bfe1466.jpg-1074-822.jpg,2,5200000.0,"British Virgin Islands, Caribbean","Islands with Beaches,Ocean Island,Turn Key,Income Potential",2022-10-16
174,Stroggilo Island,https://www.privateislandsonline.com/uploads/resize/_1477_image_658246f805.jpg-1074-822.jpg,54,4500000.0,"Greece, Europe","Large Acreage,Ocean Island,Mainland Power",2022-10-16
178,Hawks Nest Seaside Oasis,https://www.privateislandsonline.com/uploads/resize/_2850_5fa30b3b607f6.jpg-1074-822.jpg,2,5000000.0,"British Virgin Islands, Caribbean","Islands with Beaches,Ocean Island,Turn Key,Income Potential",2022-10-16
188,Surfsong Estate,https://www.privateislandsonline.com/uploads/resize/_2779_5ec5758ebec3c.jpg-1074-822.jpg,4,5000000.0,"British Virgin Islands, Caribbean","Islands with Beaches,Ocean Island,Turn Key,Income Potential",2022-10-16
191,Pierre Island,https://www.privateislandsonline.com/uploads/resize/_897_5dd8384c86f6a.jpg-1074-822.jpg,16,4950000.0,"Eleuthera, Bahamas, Caribbean","Islands with Beaches,Ocean Island,Income Potential",2022-10-16
192,Rhumb House,https://www.privateislandsonline.com/uploads/resize/_2763_5e83783e9bba1.jpg-1074-822.jpg,2,4950000.0,"British Virgin Islands, Caribbean","Islands with Beaches,Ocean Island,Turn Key,Income Potential",2022-10-16
193,Soneva Jani,https://www.privateislandsonline.com/uploads/resize/_2313_60e8601894101.jpg-1074-822.jpg,1,4750000.0,"Maldives, Asia","Islands with Beaches,Ocean Island,Turn Key,Income Potential",2022-10-16
194,Bainema Paradise Beach Villa,https://www.privateislandsonline.com/uploads/resize/_1775_image_4163c93cf8.jpg-1074-822.jpg,158,4680000.0,"Brazil, South America","Large Acreage,Ocean Island,Turn Key,Income Potential",2022-10-16
195,Isla Brava,https://www.privateislandsonline.com/uploads/resize/_1224_5c2e1d2204892.JPG-1074-822.JPG,140,4600000.0,"Panama, Central America","Islands with Beaches,Large Acreage,Ocean Island",2022-10-16
197,Norway Island,https://www.privateislandsonline.com/uploads/resize/_2987_62337e220bf84.JPG-1074-822.JPG,30,6000000.0,"British Columbia, Canada","Large Acreage,Ocean Island,Income Potential",2022-10-16
198,Ligpo Island,https://www.privateislandsonline.com/uploads/resize/_2378_5b06ce31e24c4.jpg-1074-822.jpg,1,4500000.0,"Philippines, Asia","Ocean Island,Turn Key,Income Potential,Mainland Power",2022-10-16
201,"Hawks Nest Cay, 26 acres",https://www.privateislandsonline.com/uploads/resize/_2491_5b96eb15ef2eb.jpg-1074-822.jpg,26,4500000.0,"The Berry Islands, Bahamas, Caribbean","Islands with Beaches,Large Acreage,Ocean Island",2022-10-16
203,Valiha Island,https://www.privateislandsonline.com/uploads/resize/_1318_image_82cb18ad66.jpg-1074-822.jpg,950,4000000.0,"Madagascar, Africa","Islands with Beaches,Large Acreage,Ocean Island",2022-10-16
204,Lake Saimaa Development,https://www.privateislandsonline.com/uploads/resize/_2608_5cd9ceb30f1bc.jpg-1074-822.jpg,256,4400000.0,"Finland, Europe","Large Acreage,Lake Island",2022-10-16
205,Zama Caye,https://www.privateislandsonline.com/uploads/resize/_3085_6301168cdd4b6.jpeg-1074-822.jpeg,4,4250000.0,"Belize, Central America","Islands with Beaches,Ocean Island,Turn Key,Income Potential",2022-10-16
206,Seaside Escape,https://www.privateislandsonline.com/uploads/resize/_2852_5fa3126581952.jpg-1074-822.jpg,1,4250000.0,"British Virgin Islands, Caribbean","Islands with Beaches,Ocean Island,Turn Key,Income Potential",2022-10-16
207,Montego Caye,https://www.privateislandsonline.com/uploads/resize/_1840_5877bbbde40ca.jpg-1074-822.jpg,119,4250000.0,"Belize, Central America","Islands with Beaches,Large Acreage,Ocean Island",2022-10-16
208,Nuku Resort,https://www.privateislandsonline.com/uploads/resize/_2872_6018565522053.jpg-1074-822.jpg,25,4250000.0,"Fiji, South Pacific","Islands with Beaches,Large Acreage,Ocean Island,Turn Key,Income Potential",2022-10-16
210,Hideaway Island Resort and Marine Sanctuary,https://www.privateislandsonline.com/uploads/resize/_3084_62fc0e1c2ddbf.jpg-1074-822.jpg,5,4200000.0,"Vanuatu, South Pacific","Islands with Beaches,Income Producing,Ocean Island,Turn Key,Income Potential",2022-10-16
212,82.5 Acres Near Blue Hole,https://www.privateislandsonline.com/uploads/resize/_2860_5fce820af0d98.JPG-1074-822.JPG,83,4000000.0,"Belize, Central America","Islands with Beaches,Large Acreage,Ocean Island",2022-10-16
213,Monroe Island,https://www.privateislandsonline.com/uploads/resize/_1869_5e87c4393bd45.jpg-1074-822.jpg,160,4000000.0,"Philippines, Asia","Large Acreage,River Island",2022-10-16
214,"Frigate Caye, Placencia",https://www.privateislandsonline.com/uploads/resize/_2913_60ca26b65c569.jpg-1074-822.jpg,3,4000000.0,"Belize, Central America","Islands with Beaches,Ocean Island,Income Potential",2022-10-16
216,Koome Island,https://www.privateislandsonline.com/uploads/resize/_893_image_007f644c8d.jpg-1074-822.jpg,3053,4000000.0,"Uganda, Africa","Large Acreage,Lake Island",2022-10-16
218,Four Islands in Panama,https://www.privateislandsonline.com/uploads/resize/_688_58759299c5b81.jpg-1074-822.jpg,45,4000000.0,"Panama, Central America","Islands with Beaches,Large Acreage,Ocean Island",2022-10-16
220,Tilagica Island,https://www.privateislandsonline.com/uploads/resize/_2486_5be5ae8f141ee.jpg-1074-822.jpg,53,4000000.0,"Fiji, South Pacific","Islands with Beaches,Large Acreage,Ocean Island,Turn Key,Income Potential",2022-10-16
222,Puenta Vieja Parcel,https://www.privateislandsonline.com/uploads/resize/_2324_5a0332aa36eb5.jpg-1074-822.jpg,30,3988000.0,"Panama, Central America","Islands with Beaches,Large Acreage,Ocean Island",2022-10-16
224,Cary Caye,https://www.privateislandsonline.com/uploads/resize/_3095_634077fece22a.jpg-1074-822.jpg,12,3900000.0,"Belize, Central America","Islands with Beaches,Ocean Island",2022-10-16
225,Florida Keys Island,https://www.privateislandsonline.com/uploads/resize/_700_image_0b7bbaac76.jpg-1074-822.jpg,15,3900000.0,"Florida, United States",Ocean Island,2022-10-16
230,Kingston Key,https://www.privateislandsonline.com/uploads/resize/_3054_62aa331b067c5.JPG-1074-822.JPG,12,3750000.0,"South Carolina, United States","Islands with Beaches,Ocean Island",2022-10-16
232,Soneva Fushi,https://www.privateislandsonline.com/uploads/resize/_2314_59e1263377b67.jpg-1074-822.jpg,1,3680000.0,"Maldives, Asia","Islands with Beaches,Ocean Island,Turn Key,Income Potential",2022-10-16
233,Koh Jum Island Lodge,https://www.privateislandsonline.com/uploads/resize/_1720_59cabcd2c70ab.JPG-1074-822.JPG,7,3600000.0,"Thailand, Asia",,2022-10-16
234,Villa Innocence,https://www.privateislandsonline.com/uploads/resize/_2834_5f7b75d586181.jpg-1074-822.jpg,,3500000.0,"British Virgin Islands, Caribbean","Islands with Beaches,Ocean Island,Turn Key,Income Potential",2022-10-16
235,Little Goat Island,https://www.privateislandsonline.com/uploads/resize/_2225_59120d2b22949.jpg-1074-822.jpg,390,3500000.0,"South Carolina, United States","Large Acreage,Ocean Island",2022-10-16
236,Isla Bonita,https://www.privateislandsonline.com/uploads/resize/_1980_5cdaf975444fc.jpg-1074-822.jpg,20,3500000.0,"Brazil, South America","Islands with Beaches,Ocean Island,Turn Key,Income Potential",2022-10-16
238,Whitestone Island,https://www.privateislandsonline.com/uploads/resize/_1548_image_cbb0871e3b.jpg-1074-822.jpg,6,5500000.0,"British Columbia, Canada","Ocean Island,Turn Key,Income Potential",2022-10-16
240,Fazenda Cipo Island,https://www.privateislandsonline.com/uploads/resize/_2439_5b4cb8aec8366.jpg-1074-822.jpg,25,3000000.0,"Brazil, South America","Islands with Beaches,Large Acreage,Ocean Island",2022-10-16
241,Lihnari Peninsula,https://www.privateislandsonline.com/uploads/resize/_495_image_4bf9bf63cc.jpg-1074-822.jpg,95,3000000.0,"Greece, Europe","Large Acreage,Ocean Island",2022-10-16
243,Kythnos Island parcel,https://www.privateislandsonline.com/uploads/resize/_1855_image_85bab6120c.jpg-1074-822.jpg,187,2900000.0,"Greece, Europe","Islands with Beaches,Large Acreage,Ocean Island",2022-10-16
244,South Pimlico Island,https://www.privateislandsonline.com/uploads/resize/_2819_5f2af4c808403.jpg-1074-822.jpg,65,3200000.0,"Eleuthera, Bahamas, Caribbean","Large Acreage,Ocean Island",2022-10-16
245,Isla Cui Cui,https://www.privateislandsonline.com/uploads/resize/_2588_5cdafe74c8bbd.jpg-1074-822.jpg,30,3200000.0,"Chile, South America","Large Acreage,Lake Island,Turn Key,Income Potential",2022-10-16
246,Isla Lacao,https://www.privateislandsonline.com/uploads/resize/_2590_5cdaf626badc6.jpg-1074-822.jpg,206,3200000.0,"Chile, South America","Islands with Beaches,Large Acreage,Ocean Island",2022-10-16
248,Basin Island,https://www.privateislandsonline.com/uploads/resize/_116_image_99754926db.jpg-1074-822.jpg,26,3200000.0,"Wisconsin, United States",,2022-10-16
249,Loud Island,https://www.privateislandsonline.com/uploads/resize/_2488_5b96da42b7c18.jpeg-1074-822.jpeg,30,3200000.0,"Michigan, United States","Large Acreage,Lake Island,Turn Key,Historic,Income Potential,Mainland Lot",2022-10-16
250,4-acre Private Island near Invermere,https://www.privateislandsonline.com/uploads/resize/_2911_60afcc1403480.jpg-1074-822.jpg,4,4000000.0,"British Columbia, Canada","Lake Island,Turn Key,Income Potential",2022-10-16
253,Pilotin Island,https://www.privateislandsonline.com/uploads/resize/_1323_image_cf6e8dcc0b.jpg-1074-822.jpg,335,3000000.0,"Vanuatu, South Pacific","Islands with Beaches,Large Acreage,Ocean Island",2022-10-16
255,Tiger Point,https://www.privateislandsonline.com/uploads/resize/_2876_60243eed4d074.jpg-1074-822.jpg,359,3000000.0,"Belize, Central America","Islands with Beaches,Large Acreage,Ocean Island",2022-10-16
258,Islas Marias,https://www.privateislandsonline.com/uploads/resize/_663_image_c640d4768a.jpg-1074-822.jpg,27,3000000.0,"Panama, Central America","Islands with Beaches,Large Acreage,Ocean Island",2022-10-16
260,St. Andrews Island,https://www.privateislandsonline.com/uploads/resize/_2995_62558899a672d.jpg-1074-822.jpg,712,3000000.0,"Ragged Island Chain, Caribbean, Bahamas","Islands with Beaches,Large Acreage,Ocean Island",2022-10-16
262,Kadomo Island,https://www.privateislandsonline.com/uploads/resize/_1931_5be45c3e66480.JPG-1074-822.JPG,70,2980000.0,"Fiji, South Pacific","Islands with Beaches,Large Acreage,Ocean Island",2022-10-16
263,Sea Palms Beachfront Villa,https://www.privateislandsonline.com/uploads/resize/_2851_5fa30de8d97b4.jpg-1074-822.jpg,,2950000.0,"British Virgin Islands, Caribbean","Islands with Beaches,Turn Key,Income Potential",2022-10-16
264,Whiskey Island,https://www.privateislandsonline.com/uploads/resize/_1588_5870302a418c5.jpg-1074-822.jpg,3,2950000.0,"New York, United States","River Island,Turn Key,Income Potential",2022-10-16
265,Indigo Breeze Estate,https://www.privateislandsonline.com/uploads/resize/_3012_6269b2c3ce362.jpg-1074-822.jpg,2,2950000.0,"British Virgin Islands, Caribbean","Islands with Beaches,Ocean Island,Turn Key,Income Potential",2022-10-16
266,Cambria Island,https://www.privateislandsonline.com/uploads/resize/_2187_58dab0e1c53b7.jpg-1074-822.jpg,4,3895000.0,"Ontario, Canada","Lake Island,Turn Key,Historic,Income Potential",2022-10-16
269,SuperShe Island,https://www.privateislandsonline.com/uploads/resize/_2964_618d5eeab87b1.jpg-1074-822.jpg,8,2900000.0,"Finland, Europe","Islands with Beaches,Lake Island,Seasonal,Turn Key,Income Potential",2022-10-16
270,Amateras,https://www.privateislandsonline.com/uploads/resize/_2984_6230e997ada0b.jpg-1074-822.jpg,2,2900000.0,"British Virgin Islands, Caribbean","Islands with Beaches,Ocean Island,Turn Key,Income Potential",2022-10-16
271,Casa Asombrosas,https://www.privateislandsonline.com/uploads/resize/_2985_623201456c020.jpg-1074-822.jpg,1,2900000.0,"British Virgin Islands, Caribbean","Islands with Beaches,Ocean Island,Turn Key,Income Potential",2022-10-16
272,Cogra Point Peninsula,https://www.privateislandsonline.com/uploads/resize/_2693_5d9fabd266205.jpg-1074-822.jpg,28,2850000.0,"Australia, South Pacific","Large Acreage,Ocean Island,Turn Key,Income Potential",2022-10-16
277,Bird Island,https://www.privateislandsonline.com/uploads/resize/_2679_5d8a76308eee5.jpg-1074-822.jpg,51,2700000.0,"Florida, United States","Large Acreage,Lake Island,Turn Key,Income Potential",2022-10-16
278,Cedar Island,https://www.privateislandsonline.com/uploads/resize/_519_image_c4b098dc37.jpg-1074-822.jpg,202,2645000.0,"North Carolina, United States","Islands with Beaches,Ocean Island",2022-10-16
279,The Ridges,https://www.privateislandsonline.com/uploads/resize/_2776_5ea9d5f4c81f1.jpg-1074-822.jpg,12,3450000.0,"Georgian Bay, Ontario, Canada","Lake Island,Turn Key,Income Potential",2022-10-16
280,Rainforest Caye,https://www.privateislandsonline.com/uploads/resize/_2606_5cd44c3396d16.jpg-1074-822.jpg,37,2600000.0,"Belize, Central America","Islands with Beaches,Large Acreage,Ocean Island",2022-10-16
282,Quart A Nancy Point,https://www.privateislandsonline.com/uploads/resize/_2766_5e8f7e93373a2.jpg-1074-822.jpg,3,2575000.0,"British Virgin Islands, Caribbean","Islands with Beaches,Ocean Island,Turn Key,Income Potential",2022-10-16
283,Villa Bergholmen,https://www.privateislandsonline.com/uploads/resize/_2047_5880d424bc6ce.jpg-1074-822.jpg,5,2300000.0,"Finland, Europe","Income Producing,Ocean Island,Lake Island,Turn Key",2022-10-16
284,Island of South Walton,https://www.privateislandsonline.com/uploads/resize/_2312_59dcdc122e1ac.jpg-1074-822.jpg,53,2500000.0,"Florida, United States","Large Acreage,Ocean Island",2022-10-16
285,A Dream Come True Villa,https://www.privateislandsonline.com/uploads/resize/_2570_5c9ede5a3bd64.jpg-1074-822.jpg,1,2500000.0,"British Virgin Islands, Caribbean","Islands with Beaches,Ocean Island,Turn Key,Income Potential",2022-10-16
286,Pretty Joe Rock,https://www.privateislandsonline.com/uploads/resize/_3091_632c727f2cb7d.jpg-1074-822.jpg,,2500000.0,"Florida, United States","Ocean Island,Income Potential",2022-10-16
287,Dan May Island,https://www.privateislandsonline.com/uploads/resize/_70_image_ca3a5fc1fa.jpg-1074-822.jpg,72,2500000.0,"Florida, United States","Large Acreage,River Island,Turn Key,Income Potential",2022-10-16
289,Hog Island,https://www.privateislandsonline.com/uploads/resize/_1623_image_6a6929c7a2.jpg-1074-822.jpg,600,2500000.0,"North Carolina, United States","Islands with Beaches,Large Acreage,Ocean Island",2022-10-16
290,South Cocoplum Caye,https://www.privateislandsonline.com/uploads/resize/_2664_5d6561032c43a.jpg-1074-822.jpg,6,2500000.0,"Belize, Central America","Islands with Beaches,Ocean Island",2022-10-16
291,Koro Levu Island,https://www.privateislandsonline.com/uploads/resize/_2173_58f534b150724.jpg-1074-822.jpg,8,2500000.0,"Fiji, South Pacific","Islands with Beaches,Ocean Island",2022-10-16
293,"Paradise Island, Michigan",https://www.privateislandsonline.com/uploads/resize/_2986_623350e39e12c.jpg-1074-822.jpg,3,2500000.0,"Michigan, United States","Lake Island,Turn Key,Income Potential,Mainland Lot",2022-10-16
295,Tambor and Magotes Islands,https://www.privateislandsonline.com/uploads/resize/_699_image_81e7004371.jpg-1074-822.jpg,15,2500000.0,"Panama, Central America",Ocean Island,2022-10-16
296,Morgans Caye,https://www.privateislandsonline.com/uploads/resize/_2266_5d655a05ed05b.jpg-1074-822.jpg,28,2500000.0,"Belize, Central America","Islands with Beaches,Large Acreage,Ocean Island",2022-10-16
297,Nsonga Island,https://www.privateislandsonline.com/uploads/resize/_1774_5e87c5cc0f30f.jpg-1074-822.jpg,149,2500000.0,"Uganda, Africa","Islands with Beaches,Large Acreage,Lake Island,Income Potential",2022-10-16
300,Manjack Property,https://www.privateislandsonline.com/uploads/resize/_2920_60db20f6d90a6.jpg-1074-822.jpg,5,2400000.0,"The Abacos, Bahamas, Caribbean","Islands with Beaches,Ocean Island,Turn Key,Income Potential",2022-10-16
302,Crown Island,https://www.privateislandsonline.com/uploads/resize/_1864_image_9ec3f936f1.jpg-1074-822.jpg,18,3050000.0,"Muskoka, Ontario, Canada","Lake Island,Seasonal,Turn Key,Income Potential,Mainland Power",2022-10-16
303,Sands Island,https://www.privateislandsonline.com/uploads/resize/_2194_58e681742bd76.jpg-1074-822.jpg,7,2300000.0,"Florida, United States","River Island,Turn Key,Income Potential",2022-10-16
304,Low Cay,https://www.privateislandsonline.com/uploads/resize/_932_image_2f4391bebb.jpg-1074-822.jpg,25,2300000.0,"San Salvador, Bahamas, Caribbean","Islands with Beaches,Ocean Island",2022-10-16
305,Lakefront Cottages and Golf Course Retreat,https://www.privateislandsonline.com/uploads/resize/_2484_5b96a409bddd5.jpg-1074-822.jpg,40,3500000.0,"Georgian Bay, Ontario, Canada","Large Acreage,Lake Island,Turn Key,Income Potential",2022-10-16
306,Frying Pan Island,https://www.privateislandsonline.com/uploads/resize/_1374_614b9624174f8.jpg-1074-822.jpg,8,2995000.0,"Georgian Bay, Ontario, Canada","Lake Island,Seasonal,Turn Key,Income Potential,Mainland Power",2022-10-16
308,Bullocks Harbour Cay,https://www.privateislandsonline.com/uploads/resize/_2101_58669f4418da4.jpg-1074-822.jpg,224,2240000.0,"The Berry Islands, Bahamas, Caribbean","Airstrip or Fly-in,Large Acreage,Ocean Island,Income Potential",2022-10-16
311,"Chatham, Sitkoh Bay",https://www.privateislandsonline.com/uploads/resize/_2942_61201303acb3f.jpg-1074-822.jpg,30,2200000.0,"Alaska, United States","Islands with Beaches,Large Acreage,Ocean Island,Turn Key",2022-10-16
314,Ruby Island,https://www.privateislandsonline.com/uploads/resize/_2953_615e159f8f438.jpg-1074-822.jpg,5,2650000.0,"Georgian Bay, Ontario, Canada","Lake Island,Turn Key,Income Potential",2022-10-16
315,Table Rock Islands,https://www.privateislandsonline.com/uploads/resize/_3030_633ef26a94099.jpg-1074-822.jpg,3,2650000.0,"Georgian Bay, Ontario, Canada","Lake Island,Turn Key,Income Potential",2022-10-16
316,Mullet Creek Islands,https://www.privateislandsonline.com/uploads/resize/_3075_62e2e232a0904.jpg-1074-822.jpg,8,2000000.0,"Florida, United States",Ocean Island,2022-10-16
318,Lagoon Caye,https://www.privateislandsonline.com/uploads/resize/_2351_5a3956976e99c.jpg-1074-822.jpg,14,2000000.0,"Belize, Central America",Ocean Island,2022-10-16
320,San Miguel Archipelago,https://www.privateislandsonline.com/uploads/resize/_583_image_d7cdcbf221.jpg-1074-822.jpg,163,2000000.0,"Panama, Central America","Islands with Beaches,Large Acreage,Ocean Island",2022-10-16
321,Les Isle Mouk Mouk,https://www.privateislandsonline.com/uploads/resize/_2398_5aeb30d81d237.JPG-1074-822.JPG,175,2000000.0,"Quebec, Canada","Large Acreage,Lake Island",2022-10-16
324,Big Bullard Cay,https://www.privateislandsonline.com/uploads/resize/_2493_5b9bd1e16acdb.jpg-1074-822.jpg,97,2000000.0,"The Exumas, Bahamas, Caribbean","Islands with Beaches,Large Acreage,Ocean Island",2022-10-16
328,Island Lake Property,https://www.privateislandsonline.com/uploads/resize/_2969_61ba207dc299a.jpg-1074-822.jpg,5,1999999.0,"Florida, United States","Lake Island,Turn Key,Income Potential,Mainland Lot",2022-10-16
329,Goring Bogue Caye,https://www.privateislandsonline.com/uploads/resize/_1545_image_cb3e71b04d.jpg-1074-822.jpg,6,1995000.0,"Belize, Central America","Islands with Beaches,Ocean Island",2022-10-16
330,Malvanua Island,https://www.privateislandsonline.com/uploads/resize/_2455_5b7b11d23bdc8.jpg-1074-822.jpg,26,1990000.0,"Vanuatu, South Pacific","Islands with Beaches,Large Acreage,Ocean Island,Turn Key,Income Potential",2022-10-16
332,Point Pleasant,https://www.privateislandsonline.com/uploads/resize/_2023_image_4f365762c1.jpg-1074-822.jpg,500,1950000.0,"Prince Edward Island, Canada","Large Acreage,Seasonal",2022-10-16
333,Bracilette Caye Parcel,https://www.privateislandsonline.com/uploads/resize/_766_image_34d6db5208.jpg-1074-822.jpg,48,1950000.0,"Belize, Central America","Islands with Beaches,Large Acreage,Ocean Island",2022-10-16
334,Water Foot Caye,https://www.privateislandsonline.com/uploads/resize/_2673_5e87b7b16ec51.jpg-1074-822.jpg,3,1900000.0,"Belize, Central America","Ocean Island,Turn Key,Income Potential",2022-10-16
335,Black Island,https://www.privateislandsonline.com/uploads/resize/_2712_5dc45ab39ad9b.jpg-1074-822.jpg,107,1900000.0,"Georgia, United States","Large Acreage,Ocean Island,Turn Key,Income Potential",2022-10-16
336,Timber Island,https://www.privateislandsonline.com/uploads/resize/_2758_5e69385f4210d.jpg-1074-822.jpg,34,1900000.0,"Florida, United States","Large Acreage,Ocean Island",2022-10-16
337,Viscontea Island,https://www.privateislandsonline.com/uploads/resize/_2908_609c020526337.jpg-1074-822.jpg,1,1700000.0,"Italy, Europe","River Island,Historic",2022-10-16
338,McLaren Island Point,https://www.privateislandsonline.com/uploads/resize/_3100_633f31c82e39b.jpg-1074-822.jpg,4,2200000.0,"Georgian Bay, Ontario, Canada","Lake Island,Turn Key,Income Potential",2022-10-16
340,Cistern Cay,https://www.privateislandsonline.com/uploads/resize/_2103_5866a18bdaefb.jpg-1074-822.jpg,82,1865000.0,"The Berry Islands, Bahamas, Caribbean","Large Acreage,Ocean Island,Income Potential",2022-10-16
341,Saints Bay Island,https://www.privateislandsonline.com/uploads/resize/_2431_5b295546890fe.jpg-1074-822.jpg,6,6000000.0,"Brazil, South America","Islands with Beaches,Ocean Island,Turn Key,Income Potential",2022-10-16
345,Sarawa Island,https://www.privateislandsonline.com/uploads/resize/_2948_61449e4cc5bbd.jpg-1074-822.jpg,2,2400000.0,"Georgian Bay, Ontario, Canada","Lake Island,Turn Key,Income Potential",2022-10-16
347,40-Acre Private Island Near Placencia,https://www.privateislandsonline.com/uploads/resize/_2659_5d65543e36807.jpg-1074-822.jpg,40,1800000.0,"Belize, Central America","Large Acreage,Ocean Island",2022-10-16
348,Little Round Caye,https://www.privateislandsonline.com/uploads/resize/_2930_6197dc9261bf8.jpg-1074-822.jpg,5,1800000.0,"Belize, Central America",Ocean Island,2022-10-16
349,Private Island on School Section Lake,https://www.privateislandsonline.com/uploads/resize/_2940_611bee7fd4009.jpg-1074-822.jpg,12,1800000.0,"Michigan, United States","Islands with Beaches,Lake Island,Turn Key,Income Potential,Mainland Lot,Mainland Power",2022-10-16
350,Abacos Islands Home,https://www.privateislandsonline.com/uploads/resize/_1465_58666bf04cfb2.jpg-1074-822.jpg,3,1800000.0,"The Abacos, Bahamas, Caribbean","Islands with Beaches,Income Producing,Turn Key,Income Potential",2022-10-16
351,South Saddle Caye,https://www.privateislandsonline.com/uploads/resize/_3052_62a789e2aba58.jpg-1074-822.jpg,5,1800000.0,"Belize, Central America","Islands with Beaches,Ocean Island",2022-10-16
352,Lobreau Island,https://www.privateislandsonline.com/uploads/resize/_2005_586aa11a1fe05.jpg-1074-822.jpg,3,2365000.0,"Kawartha Lakes, Ontario, Canada",,2022-10-16
353,Go Home Bay Archipelago,https://www.privateislandsonline.com/uploads/resize/_3031_62855f61609e0.jpg-1074-822.jpg,2,2350000.0,"Georgian Bay, Ontario, Canada","Lake Island,Turn Key,Income Potential",2022-10-16
354,Sturdivant Island,https://www.privateislandsonline.com/uploads/resize/_1211_image_438417a374.jpg-1074-822.jpg,3,1750000.0,"Maine, United States","Ocean Island,Seasonal,Turn Key,Income Potential",2022-10-16
355,Pimlico Island,https://www.privateislandsonline.com/uploads/resize/_2652_5d51cf4a78e94.jpg-1074-822.jpg,55,1695000.0,"Eleuthera, Bahamas, Caribbean","Large Acreage,Ocean Island",2022-10-16
356,Zopango Orchids Island,https://www.privateislandsonline.com/uploads/resize/_1862_61dcb4eaa2cdc.JPG-1074-822.JPG,2,1690000.0,"Nicaragua, Central America","Income Producing,Lake Island,Turn Key",2022-10-16
358,Ustica Island Property,https://www.privateislandsonline.com/uploads/resize/_2614_5ce4716dbf7c9.jpg-1074-822.jpg,7,1500000.0,"Italy, Europe","Ocean Island,Turn Key,Income Potential",2022-10-16
360,White Cloud Island,https://www.privateislandsonline.com/uploads/resize/_2377_5ab16ce26b393.JPG-1074-822.JPG,36,1600000.0,"Georgian Bay, Ontario, Canada","Islands with Beaches,Large Acreage,Lake Island",2022-10-16
361,"Niubavu, Qamea Island",https://www.privateislandsonline.com/uploads/resize/_2944_6144f8b8623ed.JPG-1074-822.JPG,225,1600000.0,"Fiji, South Pacific","Islands with Beaches,Large Acreage,Ocean Island",2022-10-16
362,Paces Mill Island,https://www.privateislandsonline.com/uploads/resize/_666_image_4b793c9eff.jpg-1074-822.jpg,45,1600000.0,"North Carolina, United States","Large Acreage,River Island",2022-10-16
365,Quoin Island,https://www.privateislandsonline.com/uploads/resize/_1315_587bf83a9b179.jpg-1074-822.jpg,12,2000000.0,"Australia, South Pacific","Islands with Beaches,Ocean Island",2022-10-16
370,"Hawks Nest Cay, Cat Island",https://www.privateislandsonline.com/uploads/resize/_2573_5f75d82ebac30.JPG-1074-822.JPG,42,1500000.0,"Bahamas, Caribbean","Islands with Beaches,Large Acreage,Ocean Island,Mainland Lot",2022-10-16
371,La Sistina,https://www.privateislandsonline.com/uploads/resize/_2574_5c9a4c53e0c91.JPG-1074-822.JPG,1730,1500000.0,"Argentina, South America","Large Acreage,Lake Island,Turn Key,Income Potential,Mainland Lot",2022-10-16
372,Pedro Island,https://www.privateislandsonline.com/uploads/resize/_2634_5d15fc1442add.jpg-1074-822.jpg,3,1500000.0,"Belize, Central America","Islands with Beaches,Ocean Island",2022-10-16
373,Moraine Cay,https://www.privateislandsonline.com/uploads/resize/_2895_606f086ddf1d8.jpg-1074-822.jpg,30,1500000.0,"The Abacos, Bahamas, Caribbean","Islands with Beaches,Large Acreage,Ocean Island,Income Potential",2022-10-16
375,Major Island,https://www.privateislandsonline.com/uploads/resize/_2733_5e29e033e7f5b.jpg-1074-822.jpg,412,1500000.0,"Quebec, Canada","Large Acreage,Lake Island,Mainland Lot",2022-10-16
377,Green Paradise Island,https://www.privateislandsonline.com/uploads/resize/_441_5e87c5710ac90.jpg-1074-822.jpg,32,1500000.0,"Philippines, Asia","Islands with Beaches,Large Acreage,Ocean Island",2022-10-16
382,Dunsmuir Island,https://www.privateislandsonline.com/uploads/resize/_1554_5869264c5a472.jpg-1074-822.jpg,5,1490000.0,"British Columbia, Canada","Ocean Island,Income Potential",2022-10-16
383,Ilha Paraiso,https://www.privateislandsonline.com/uploads/resize/_2729_5e46d897583ed.jpg-1074-822.jpg,22,1490000.0,"Brazil, South America","Islands with Beaches,Large Acreage,Ocean Island",2022-10-16
384,Richardson Island,https://www.privateislandsonline.com/uploads/resize/_1702_586bb42a0de14.jpg-1074-822.jpg,10,1950000.0,"French River Area, Ontario, Canada","Lake Island,Seasonal,Turn Key,Income Potential",2022-10-16
385,Carousel Jeromes Point,https://www.privateislandsonline.com/uploads/resize/_2862_5fd7bd7442521.jpg-1074-822.jpg,2,1475000.0,"The Abacos, Bahamas, Caribbean","Islands with Beaches,Airstrip or Fly-in,Ocean Island,Turn Key,Income Potential",2022-10-16
386,Archipelago Resorts,https://www.privateislandsonline.com/uploads/resize/_1565_image_5d51deb87f.jpg-1074-822.jpg,1,1450000.0,"Philippines, Asia","Islands with Beaches,Large Acreage,Ocean Island",2022-10-16
389,Kokomo Property,https://www.privateislandsonline.com/uploads/resize/_2585_5c9ee079d4bb4.JPG-1074-822.JPG,3,1400000.0,"British Virgin Islands, Caribbean","Islands with Beaches,Ocean Island,Turn Key,Income Potential",2022-10-16
391,Black Rock Cay,https://www.privateislandsonline.com/uploads/resize/_3017_62950994a844c.jpg-1074-822.jpg,1,1400000.0,"Honduras, Central America","Ocean Island,Turn Key,Income Potential",2022-10-16
392,Invernairn on Mowat Island,https://www.privateislandsonline.com/uploads/resize/_1991_image_0c9b550ea2.jpg-1074-822.jpg,25,1850000.0,"Ontario, Canada","Lake Island,Seasonal,Turn Key,Historic,Income Potential,Mainland Power",2022-10-16
395,Cayo Theana,https://www.privateislandsonline.com/uploads/resize/_1547_image_a15bc27daf.jpg-1074-822.jpg,7,1350000.0,"Belize, Central America",Ocean Island,2022-10-16
396,Ilha do Magalhaes,https://www.privateislandsonline.com/uploads/resize/_1319_5889115c9ea67.jpg-1074-822.jpg,1,1350000.0,"Brazil, South America","Ocean Island,Turn Key,Income Potential",2022-10-16
397,Angel Island,https://www.privateislandsonline.com/uploads/resize/_1458_5e87c698bb13b.jpg-1074-822.jpg,11,1350000.0,"Michigan, United States","Lake Island,Turn Key,Income Potential",2022-10-16
398,"Gull Island, Oregon",https://www.privateislandsonline.com/uploads/resize/_2829_5f6cd20147e44.jpg-1074-822.jpg,31,1300000.0,"Oregon, United States","Islands with Beaches,Large Acreage,River Island",2022-10-16
399,Ilha de Sao Joao,https://www.privateislandsonline.com/uploads/resize/_1934_image_794452b541.jpg-1074-822.jpg,5,1300000.0,"Brazil, South America","Income Producing,Ocean Island,Turn Key",2022-10-16
401,Zuna Island,https://www.privateislandsonline.com/uploads/resize/_1986_587be580cfe0b.jpg-1074-822.jpg,1,1300000.0,"Australia, South Pacific","Islands with Beaches,Ocean Island,Income Potential",2022-10-16
406,Isle of Rest,https://www.privateislandsonline.com/uploads/resize/_1706_590355657a8f0.jpg-1074-822.jpg,1,1695000.0,"Georgian Bay, Ontario, Canada","Lake Island,Seasonal,Turn Key,Income Potential,Mainland Power",2022-10-16
407,Camanga Island,https://www.privateislandsonline.com/uploads/resize/_1826_5e87c723e3711.jpg-1074-822.jpg,75,60826600.0,"Philippines, Asia","Islands with Beaches,Large Acreage,Ocean Island",2022-10-16
411,Bareneck Island,https://www.privateislandsonline.com/uploads/resize/_2542_5e87bca4e587d.jpg-1074-822.jpg,15,1250000.0,"Maine, United States","Lake Island,River Island,Turn Key,Income Potential",2022-10-16
413,Unique Island and Peninsula Property,https://www.privateislandsonline.com/uploads/resize/_2902_6075e1ad8528d.jpg-1074-822.jpg,176,1200000.0,"Nicaragua, Central America","Islands with Beaches,Large Acreage,Ocean Island,Mainland Lot",2022-10-16
418,Rabbit Island,https://www.privateislandsonline.com/uploads/resize/_2949_6148a37a1fe70.jpg-1074-822.jpg,4,1200000.0,"Vermont, United States","Lake Island,Turn Key,Income Potential",2022-10-16
419,Malafakalava Island,https://www.privateislandsonline.com/uploads/resize/_2965_61929fcaa4cac.jpg-1074-822.jpg,2,1200000.0,"Tonga, South Pacific","Islands with Beaches,Ocean Island",2022-10-16
420,Saint Marys Island,https://www.privateislandsonline.com/uploads/resize/_3065_62cdd4e08e66f.jpg-1074-822.jpg,,1200000.0,"New York, United States","Lake Island,Turn Key,Income Potential",2022-10-16
423,Manatee Point Villa,https://www.privateislandsonline.com/uploads/resize/_3099_633f2a5add60f.JPG-1074-822.JPG,,1150000.0,"British Virgin Islands, Caribbean","Islands with Beaches,Ocean Island,Turn Key,Income Potential",2022-10-16
424,Phoebe Island,https://www.privateislandsonline.com/uploads/resize/_1700_5a01de11d7de9.jpg-1074-822.jpg,2,1150000.0,"Maine, United States","Lake Island,Seasonal,Turn Key,Income Potential,Mainland Lot",2022-10-16
425,5-acre Private Island,https://www.privateislandsonline.com/uploads/resize/_2803_5eed2087b09f0.jpg-1074-822.jpg,5,1150000.0,"Belize, Central America","Islands with Beaches,Airstrip or Fly-in,Ocean Island",2022-10-16
428,Whipperwill North Island,https://www.privateislandsonline.com/uploads/resize/_1996_image_591e8ac2e3.jpg-1074-822.jpg,4,1495000.0,"Georgian Bay, Ontario, Canada","Lake Island,Seasonal,Turn Key,Income Potential",2022-10-16
432,Triple Play Ozello,https://www.privateislandsonline.com/uploads/resize/_2881_60351550dfdd1.JPG-1074-822.JPG,7,1100000.0,"Florida, United States","Ocean Island,Mainland Lot",2022-10-16
433,Jewfish Key Beachfront Lot,https://www.privateislandsonline.com/uploads/resize/_2443_5b85ba9ca9d77.jpg-1074-822.jpg,1,1100000.0,"Florida, United States","Islands with Beaches,Ocean Island",2022-10-16
434,Isla Guapa,https://www.privateislandsonline.com/uploads/resize/_2752_5e5962bd62c1c.jpg-1074-822.jpg,17,1100000.0,"Panama, Central America","Ocean Island,Turn Key,Income Potential",2022-10-16
435,Everglades Escape,https://www.privateislandsonline.com/uploads/resize/_1759_image_53fae8775d.jpg-1074-822.jpg,80,1100000.0,"Florida, United States","Large Acreage,Turn Key,Income Potential",2022-10-16
438,Davis Island,https://www.privateislandsonline.com/uploads/resize/_1999_586aa2aa384df.jpg-1074-822.jpg,10,1400000.0,"Georgian Bay, Ontario, Canada","Lake Island,Seasonal,Mainland Power",2022-10-16
441,Isla Milagrosa,https://www.privateislandsonline.com/uploads/resize/_1730_image_83ee7f7e4c.jpg-1074-822.jpg,12,50000000.0,"Philippines, Asia","Ocean Island,Income Potential",2022-10-16
443,Marina Island,https://www.privateislandsonline.com/uploads/resize/_2824_5f6130278bb14.jpg-1074-822.jpg,7,1000000.0,"Philippines, Asia","Islands with Beaches,Ocean Island",2022-10-16
450,Pointe Au Baril Island #C400,https://www.privateislandsonline.com/uploads/resize/_821_image_e8a655bd49.jpg-1074-822.jpg,8,1000000.0,"Ontario, Canada",,2022-10-16
453,3-acre Parcel on Long Island,https://www.privateislandsonline.com/uploads/resize/_2626_5d013a8c3de56.JPG-1074-822.JPG,3,1000000.0,"Bahamas, Caribbean","Islands with Beaches,Airstrip or Fly-in,Ocean Island,Historic",2022-10-16
456,Chatuge Island,https://www.privateislandsonline.com/uploads/resize/_2647_5d4afbfd8c6a0.jpg-1074-822.jpg,4,1000000.0,"Georgia, United States","Lake Island,Mainland Power",2022-10-16
468,Evans Island,https://www.privateislandsonline.com/uploads/resize/_2769_5e94b3d1d7cf2.JPG-1074-822.JPG,330,1000000.0,"Nova Scotia, Canada","Islands with Beaches,Large Acreage,Ocean Island",2022-10-16
472,HÃµra Island,https://www.privateislandsonline.com/uploads/resize/_1612_5e87c79753244.jpg-1074-822.jpg,60,999000.0,"Estonia, Europe","Large Acreage,Ocean Island,Historic",2022-10-16
475,Blue Hole Cay,https://www.privateislandsonline.com/uploads/resize/_1596_58657840c5611.jpg-1074-822.jpg,12,995000.0,"Andros, Bahamas, Caribbean","Islands with Beaches,Ocean Island,Income Potential",2022-10-16
478,Big Island Retreat,https://www.privateislandsonline.com/uploads/resize/_2800_5ed55c114a79c.jpg-1074-822.jpg,5,990000.0,"Minnesota, United States","Islands with Beaches,Lake Island,Turn Key,Income Potential",2022-10-16
480,Stargazer,https://www.privateislandsonline.com/uploads/resize/_3096_633f26ec7fcf4.jpg-1074-822.jpg,4,975000.0,"British Virgin Islands, Caribbean","Islands with Beaches,Ocean Island,Turn Key,Income Potential",2022-10-16
481,Humphrey Island,https://www.privateislandsonline.com/uploads/resize/_2517_5bbf78cb7066c.jpg-1074-822.jpg,17,975000.0,"Minnesota, United States","Large Acreage,Lake Island",2022-10-16
485,Hanhisaari Island,https://www.privateislandsonline.com/uploads/resize/_2341_5a2aaa139b012.JPG-1074-822.JPG,21,850000.0,"Finland, Europe","Large Acreage,Lake Island",2022-10-16
487,Shore Island,https://www.privateislandsonline.com/uploads/resize/_1796_588246fa96301.jpg-1074-822.jpg,30,825000.0,"Ireland, Europe","Large Acreage,Ocean Island",2022-10-16
488,Prevost Island Lots,https://www.privateislandsonline.com/uploads/resize/_2611_5ce5ce4fc5c4c.jpg-1074-822.jpg,5,1208000.0,"British Columbia, Canada",Ocean Island,2022-10-16
491,MacLean Island,https://www.privateislandsonline.com/uploads/resize/_2501_5ba94bc12d4ab.jpg-1074-822.jpg,16,1200000.0,"Ontario, Canada","Lake Island,Turn Key,Income Potential",2022-10-16
492,Guilihan Island,https://www.privateislandsonline.com/uploads/resize/_2092_image_f205401eb1.jpg-1074-822.jpg,3,900000.0,"Philippines, Asia","Islands with Beaches,Ocean Island,Income Potential",2022-10-16
494,Nicoya Peninsula Beach and Nature Preserve,https://www.privateislandsonline.com/uploads/resize/_2922_60de088cd788f.jpg-1074-822.jpg,5,900000.0,"Costa Rica, Central America","Islands with Beaches,Large Acreage,Ocean Island",2022-10-16
495,Parisian Island,https://www.privateislandsonline.com/uploads/resize/_661_image_2375a2a9bc.jpg-1074-822.jpg,114,900000.0,"Northern Ontario, Ontario, Canada","Large Acreage,Lake Island,Seasonal",2022-10-16
496,Ãle QuÃ©bec,https://www.privateislandsonline.com/uploads/resize/_2389_5ad65753d2f88.jpg-1074-822.jpg,64,895000.0,"Quebec, Canada",Lake Island,2022-10-16
497,Bodden Caye,https://www.privateislandsonline.com/uploads/resize/_2662_62d9b4d677474.jpg-1074-822.jpg,2,895000.0,"Belize, Central America",Ocean Island,2022-10-16
500,Kadavu Island Property,https://www.privateislandsonline.com/uploads/resize/_3019_6272bc81c99dd.jpg-1074-822.jpg,136,875000.0,"Fiji, South Pacific","Islands with Beaches,Large Acreage,Ocean Island",2022-10-16
502,Andrew Bay Island,https://www.privateislandsonline.com/uploads/resize/_2747_5e4d767f05d45.jpg-1074-822.jpg,4,870000.0,"Northern Ontario, Ontario, Canada","Islands with Beaches,Lake Island,Turn Key",2022-10-16
503,Motu Moute,https://www.privateislandsonline.com/uploads/resize/_1481_5f64fea88ec14.jpg-1074-822.jpg,1,771000.0,"French Polynesia, South Pacific","Islands with Beaches,Ocean Island",2022-10-16
505,McDiarmid Island,https://www.privateislandsonline.com/uploads/resize/_2890_6050f3981c567.JPG-1074-822.JPG,7,850000.0,"Georgian Bay, Ontario, Canada","Islands with Beaches,Lake Island,Mainland Power",2022-10-16
507,Oulton's Island,https://www.privateislandsonline.com/uploads/resize/_2024_image_14ec31a9e4.jpg-1074-822.jpg,211,850000.0,"Prince Edward Island, Canada","Large Acreage,Ocean Island",2022-10-16
509,Soldier Caye,https://www.privateislandsonline.com/uploads/resize/_1397_image_7d439fff94.jpg-1074-822.jpg,5,800000.0,"Belize, Central America","Islands with Beaches,Airstrip or Fly-in,Ocean Island",2022-10-16
510,McGregor Bay Island,https://www.privateislandsonline.com/uploads/resize/_2976_62053c30ea5ad.png-1074-822.png,6,800000.0,"Georgian Bay, Ontario, Canada","Lake Island,Turn Key,Income Potential",2022-10-16
511,Green Bay Island,https://www.privateislandsonline.com/uploads/resize/_439_image_1b406e2f33.jpg-1074-822.jpg,15,800000.0,"Philippines, Asia","Islands with Beaches,Ocean Island,Income Potential",2022-10-16
512,Golding Cay,https://www.privateislandsonline.com/uploads/resize/_2554_5c4228e77b2cf.jpg-1074-822.jpg,3,800000.0,"Eleuthera, Bahamas, Caribbean","Islands with Beaches,Ocean Island",2022-10-16
514,Sweetheart Island,https://www.privateislandsonline.com/uploads/resize/_2972_61e57c99890c6.jpg-1074-822.jpg,2,799000.0,"Florida, United States",Ocean Island,2022-10-16
518,Rainy Lake Island,https://www.privateislandsonline.com/uploads/resize/_2869_60b8f12c5b8e4.jpg-1074-822.jpg,1,775000.0,"Northern Ontario, Ontario, Canada","Lake Island,Turn Key,Income Potential",2022-10-16
519,Lynch Island,https://www.privateislandsonline.com/uploads/resize/_3056_62b0a5734473b.jpg-1074-822.jpg,4,999900.0,"Northern Ontario, Ontario, Canada","Lake Island,Turn Key,Income Potential",2022-10-16
524,Horse Island (Massachusetts),https://www.privateislandsonline.com/uploads/resize/_99_image_9c948272e0.jpg-1074-822.jpg,3,750000.0,"Massachusetts, United States",River Island,2022-10-16
529,Cow and Calf Islands,https://www.privateislandsonline.com/uploads/resize/_1673_image_38aa625208.jpg-1074-822.jpg,60,940000.0,"Nova Scotia, Canada","Large Acreage,Lake Island,Seasonal",2022-10-16
533,Bells Island,https://www.privateislandsonline.com/uploads/resize/_801_image_3d935cc6ca.jpg-1074-822.jpg,62,695000.0,"North Carolina, United States","Islands with Beaches,Large Acreage,Ocean Island",2022-10-16
536,Fantasy Guyisland,https://www.privateislandsonline.com/uploads/resize/_2288_5a5653f89feee.jpg-1074-822.jpg,3,669000.0,"Minnesota, United States","Islands with Beaches,River Island",2022-10-16
540,Ilha de Itaoquinha,https://www.privateislandsonline.com/uploads/resize/_1976_image_5cfe8c9e0d.jpg-1074-822.jpg,2,650000.0,"Brazil, South America","Ocean Island,Turn Key,Income Potential",2022-10-16
541,Kabo Island,https://www.privateislandsonline.com/uploads/resize/_2744_5e3db4e3af6c0.jpg-1074-822.jpg,58,650000.0,"Philippines, Asia","Islands with Beaches,Large Acreage,Ocean Island",2022-10-16
542,Treasure Caye,https://www.privateislandsonline.com/uploads/resize/_2748_5e5438aa9b756.jpg-1074-822.jpg,5,650000.0,"Belize, Central America",Ocean Island,2022-10-16
544,Sandpoint Lake Island,https://www.privateislandsonline.com/uploads/resize/_2641_5d2cc7f240daf.jpg-1074-822.jpg,2,640000.0,"Minnesota, United States","Lake Island,Turn Key,Income Potential",2022-10-16
552,Sapodilla Cayes,https://www.privateislandsonline.com/uploads/resize/_2811_6077417aa4ca2.jpg-1074-822.jpg,,600000.0,"Belize, Central America","Islands with Beaches,Income Producing,Ocean Island,Income Potential",2022-10-16
553,Private Island at Big Narrows,https://www.privateislandsonline.com/uploads/resize/_2111_586bc751cb400.jpg-1074-822.jpg,9,595000.0,"Northern Ontario, Ontario, Canada","Lake Island,Seasonal,Turn Key,Income Potential",2022-10-16
555,1-Acre Private Island,https://www.privateislandsonline.com/uploads/resize/_1989_image_9df278023e.jpg-1074-822.jpg,1,595000.0,"Florida, United States",Ocean Island,2022-10-16
556,Namakan Lake Island,https://www.privateislandsonline.com/uploads/resize/_2287_597f8763be5ae.JPG-1074-822.JPG,2,595000.0,"Ontario, Canada","Lake Island,Turn Key,Income Potential",2022-10-16
557,Circle Island,https://www.privateislandsonline.com/uploads/resize/_2955_615f4a5c4e1ea.jpg-1074-822.jpg,10,750000.0,"British Columbia, Canada",Ocean Island,2022-10-16
558,Gezira Island,https://www.privateislandsonline.com/uploads/resize/_2956_6165dab2c12c8.jpg-1074-822.jpg,3,750000.0,"Nova Scotia, Canada","Lake Island,Turn Key,Income Potential",2022-10-16
561,Ile Fraser,https://www.privateislandsonline.com/uploads/resize/_2994_624c4b5fba677.jpg-1074-822.jpg,1,725000.0,"Quebec, Canada","Ocean Island,River Island,Turn Key,Income Potential",2022-10-16
562,Kalgin Island,https://www.privateislandsonline.com/uploads/resize/_2516_5cdaf7628b13e.jpg-1074-822.jpg,5,535000.0,"Alaska, United States","Islands with Beaches,Large Acreage,Ocean Island,Turn Key,Income Potential",2022-10-16
567,10 acres on Middle Long Caye,https://www.privateislandsonline.com/uploads/resize/_2946_61326ee477d5b.jpg-1074-822.jpg,10,505000.0,"Belize, Central America","Large Acreage,Ocean Island",2022-10-16
568,Inis Saimer Island,https://www.privateislandsonline.com/uploads/resize/_3032_628692b565e66.jpg-1074-822.jpg,,450000.0,"Ireland, Europe","Ocean Island,Turn Key,Income Potential",2022-10-16
570,Inglis Island,https://www.privateislandsonline.com/uploads/resize/_3089_6324be1237b04.jpg-1074-822.jpg,12,895500.0,"Northern Ontario, Ontario, Canada","Lake Island,Seasonal,Turn Key,Income Potential",2022-10-16
572,Ormond By the Sea,https://www.privateislandsonline.com/uploads/resize/_856_image_47d78f238c.jpg-1074-822.jpg,1,500000.0,"Florida, United States",Ocean Island,2022-10-16
579,North East Caye,https://www.privateislandsonline.com/uploads/resize/_2052_610044ef92464.JPG-1074-822.JPG,2,499000.0,"Belize, Central America","Islands with Beaches,Ocean Island",2022-10-16
580,Isla Leo,https://www.privateislandsonline.com/uploads/resize/_1576_image_ef5dfa0e6d.jpg-1074-822.jpg,2,499000.0,"Panama, Central America","Islands with Beaches,Ocean Island,Turn Key,Income Potential",2022-10-16
581,Private Island South,https://www.privateislandsonline.com/uploads/resize/_2112_586bc860747ea.jpg-1074-822.jpg,7,499000.0,"Northern Ontario, Ontario, Canada","Lake Island,Seasonal",2022-10-16
582,Virginia Caye,https://www.privateislandsonline.com/uploads/resize/_2437_5b3e6f4c509f8.jpg-1074-822.jpg,4,499000.0,"Belize, Central America","Islands with Beaches,Ocean Island,Turn Key,Income Potential",2022-10-16
585,Neptune Cay,https://www.privateislandsonline.com/uploads/resize/_2822_5f31a18a04220.jpg-1074-822.jpg,5,495000.0,"Bahamas, Caribbean","Islands with Beaches,Ocean Island,Mainland Lot",2022-10-16
586,Chub Cay Peninsula,https://www.privateislandsonline.com/uploads/resize/_2854_6349bbd693786.jpg-1074-822.jpg,7,495000.0,"Bahamas, Caribbean","Islands with Beaches,Ocean Island",2022-10-16
588,Iguana Island,https://www.privateislandsonline.com/uploads/resize/_722_5ec5990cba03c.jpg-1074-822.jpg,5,475000.0,"Nicaragua, Central America","Ocean Island,Turn Key,Income Potential",2022-10-16
590,Rupert Island,https://www.privateislandsonline.com/uploads/resize/_2967_61b7ad1daa945.JPG-1074-822.JPG,5,898000.0,"Quebec, Canada","Islands with Beaches,Lake Island,Turn Key,Income Potential",2022-10-16
593,Farolan Island,https://www.privateislandsonline.com/uploads/resize/_2537_5beb039f0bab7.jpg-1074-822.jpg,,450000.0,"Philippines, Asia",Ocean Island,2022-10-16
594,"Turneffe West Property, 25.09 Acres",https://www.privateislandsonline.com/uploads/resize/_3070_62d8020d8bafd.jpg-1074-822.jpg,25,450000.0,"Belize, Central America","Large Acreage,Ocean Island",2022-10-16
597,Rothwells Island,https://www.privateislandsonline.com/uploads/resize/_2376_5ab1277976a13.JPG-1074-822.JPG,1,419000.0,"Ontario, Canada","Lake Island,Turn Key,Historic,Income Potential",2022-10-16
599,"Turneffe West Property, 25.15 Acres",https://www.privateislandsonline.com/uploads/resize/_3069_62d800da1c8fc.jpg-1074-822.jpg,25,410000.0,"Belize, Central America","Large Acreage,Ocean Island",2022-10-16
600,Salt Cay Parcels,https://www.privateislandsonline.com/uploads/resize/_2071_image_2424ca78c3.jpg-1074-822.jpg,2,399000.0,"Turks and Caicos, Caribbean","Islands with Beaches,Ocean Island,Income Potential",2022-10-16
604,Greer Island,https://www.privateislandsonline.com/uploads/resize/_337_image_1fe3a66ec3.jpg-1074-822.jpg,5,395000.0,"Maine, United States",Ocean Island,2022-10-16
606,0.8-Acre Island in Placencia Village,https://www.privateislandsonline.com/uploads/resize/_2661_5daf3de6303ca.jpg-1074-822.jpg,1,380000.0,"Belize, Central America",,2022-10-16
611,The Enclave at Placencia Caye,https://www.privateislandsonline.com/uploads/resize/_2233_5925e040aebf7.jpg-1074-822.jpg,2,372000.0,"Belize, Central America","Ocean Island,Turn Key,Income Potential",2022-10-16
612,"Bocal Island, Nicaragua",https://www.privateislandsonline.com/uploads/resize/_1349_630e263669238.jpg-1074-822.jpg,3,360000.0,"Nicaragua, Central America","Islands with Beaches,Ocean Island,Income Potential",2022-10-16
615,Sunset Island,https://www.privateislandsonline.com/uploads/resize/_2686_5d9fa0b757206.jpg-1074-822.jpg,,350000.0,"Belize, Central America",Ocean Island,2022-10-16
624,Lomanisue Bay Freehold One-Acre Lots,https://www.privateislandsonline.com/uploads/resize/_2988_623a005ecd5a0.jpg-1074-822.jpg,1,300000.0,"Fiji, South Pacific","Islands with Beaches,Ocean Island",2022-10-16
631,Lark Caye,https://www.privateislandsonline.com/uploads/resize/_2265_594d3ddca96ac.jpg-1074-822.jpg,3,295000.0,"Belize, Central America","Islands with Beaches,Ocean Island",2022-10-16
638,Long Caye Island Property,https://www.privateislandsonline.com/uploads/resize/_421_5d4dea0c40601.jpg-1074-822.jpg,,254000.0,"Belize, Central America","Islands with Beaches,Income Producing,Ocean Island,Income Potential",2022-10-16
641,MacLellans Island,https://www.privateislandsonline.com/uploads/resize/_2989_6241c4572e453.jpg-1074-822.jpg,15,215000.0,"Nova Scotia, Canada","Large Acreage,Ocean Island",2022-10-16
642,Spider Caye,https://www.privateislandsonline.com/uploads/resize/_2550_5c41ca42ce148.PNG-1074-822.PNG,1,215000.0,"Belize, Central America","Islands with Beaches,Ocean Island",2022-10-16
652,Spuhn Island Lots,https://www.privateislandsonline.com/uploads/resize/_834_image_8b33debf76.jpg-1074-822.jpg,2,169900.0,"Alaska, United States","Islands with Beaches,Ocean Island,Mainland Power",2022-10-16
653,Calf Island,https://www.privateislandsonline.com/uploads/resize/_1582_image_891695cabc.jpg-1074-822.jpg,26,220000.0,"Nova Scotia, Canada","Ocean Island,Seasonal",2022-10-16
654,1+ Acre Property on Cross Caye,https://www.privateislandsonline.com/uploads/resize/_3068_62d7fefd98580.jpg-1074-822.jpg,1,155000.0,"Belize, Central America","Islands with Beaches,Ocean Island",2022-10-16
657,Cockroach Bay,https://www.privateislandsonline.com/uploads/resize/_1854_5877bab177bce.jpg-1074-822.jpg,10,150000.0,"Belize, Central America","Islands with Beaches,Ocean Island",2022-10-16
662,Gillis Island,https://www.privateislandsonline.com/uploads/resize/_2385_5ace6fbaab355.jpg-1074-822.jpg,11,110000.0,"Prince Edward Island, Canada","River Island,Historic",2022-10-16
663,Ken's Island,https://www.privateislandsonline.com/uploads/resize/_2900_607082a20fc42.jpg-1074-822.jpg,1,144900.0,"Ontario, Canada",River Island,2022-10-16
664,La Cornelia Island,https://www.privateislandsonline.com/uploads/resize/_1940_image_0a5aa72a8e.jpg-1074-822.jpg,1,90000.0,"Nicaragua, Central America","Lake Island,Mainland Power",2022-10-16
665,60-acre Lagoon Property,https://www.privateislandsonline.com/uploads/resize/_3066_62cf28c0229e9.png-1074-822.png,60,83000.0,"Belize, Central America","Large Acreage,Ocean Island",2022-10-16
667,Big Tancook Island,https://www.privateislandsonline.com/uploads/resize/_1631_image_b908150be2.jpg-1074-822.jpg,12,90000.0,"Nova Scotia, Canada","Ocean Island,Seasonal",2022-10-16
669,Beachfront Lot on Long Caye,https://www.privateislandsonline.com/uploads/resize/_3006_6256fc6dbbeea.JPG-1074-822.JPG,,39500.0,"Belize, Central America",Islands with Beaches,2022-10-16
